{"cameraMode":{"drawMode":0,"name":"Shaded","section":"Shading Mode"},"sceneLighting":true,"audioPlay":false,"sceneViewState":{"showFog":true,"showMaterialUpdate":false,"showSkybox":true,"showFlares":true,"showImageEffects":true,"showParticleSystems":true},"in2DMode":false,"pivot":{"x":-5.465755462646484,"y":-94.0920639038086,"z":-103.84114837646485},"rotation":{"x":0.039278194308280948,"y":0.9142025709152222,"z":-0.3928886353969574,"w":0.09136076271533966},"size":369.5115051269531,"orthographic":false}